<?xml version="1.0" encoding="UTF-8"?>
<project-private xmlns="http://www.netbeans.org/ns/project-private/1">
    <editor-bookmarks xmlns="http://www.netbeans.org/ns/editor-bookmarks/2" lastBookmarkId="0"/>
    <open-files xmlns="http://www.netbeans.org/ns/projectui-open-files/2">
        <group>
            <file>file:/D:/Hoc%20Tap/Ki%202/Lap%20Trình%20Java%20Netbean/BaiTap/meccengirl/src/taiKhoan/ThemTaiKhoan.java</file>
            <file>file:/D:/Hoc%20Tap/Ki%202/Lap%20Trình%20Java%20Netbean/BaiTap/meccengirl/src/taiKhoan/FormDangNhap.java</file>
            <file>file:/D:/Hoc%20Tap/Ki%202/Lap%20Trình%20Java%20Netbean/BaiTap/meccengirl/src/client/LoginForm.java</file>
            <file>file:/D:/Hoc%20Tap/Ki%202/Lap%20Trình%20Java%20Netbean/BaiTap/meccengirl/src/server/ServerThread.java</file>
            <file>file:/D:/Hoc%20Tap/Ki%202/Lap%20Trình%20Java%20Netbean/BaiTap/meccengirl/src/client/MainForm.java</file>
            <file>file:/D:/Hoc%20Tap/Ki%202/Lap%20Trình%20Java%20Netbean/BaiTap/meccengirl/src/server/MainForm.java</file>
        </group>
    </open-files>
</project-private>
